team_logo,team,team_logo_espn,division,wins,playoff,div1,seed1,won_conf,won_sb,draft1,draft5,miss_playoff
![49ers](https://a.espncdn.com/i/teamlogos/nfl/500/sf.png),49ers,https://a.espncdn.com/i/teamlogos/nfl/500/sf.png,NFC West,12.1213,0.8792,0.5206,0.3004,0.204,0.1091,0,4e-4,0.12080000000000002
![Chiefs](https://a.espncdn.com/i/teamlogos/nfl/500/kc.png),Chiefs,https://a.espncdn.com/i/teamlogos/nfl/500/kc.png,AFC West,11.5162,0.8711,0.6377,0.2407,0.1589,0.0792,0,0.0025,0.12890000000000001
![Vikings](https://a.espncdn.com/i/teamlogos/nfl/500/min.png),Vikings,https://a.espncdn.com/i/teamlogos/nfl/500/min.png,NFC North,11.8053,0.8575,0.566,0.2599,0.1576,0.0801,0,0.0015,0.14249999999999996
![Jaguars](https://a.espncdn.com/i/teamlogos/nfl/500/jax.png),Jaguars,https://a.espncdn.com/i/teamlogos/nfl/500/jax.png,AFC South,11.3266,0.8465,0.707,0.1911,0.1562,0.0777,2e-4,0.0052,0.15349999999999997
![Bills](https://a.espncdn.com/i/teamlogos/nfl/500/buf.png),Bills,https://a.espncdn.com/i/teamlogos/nfl/500/buf.png,AFC East,11.3469,0.844,0.6108,0.2061,0.1906,0.0952,0,0.0042,0.15600000000000003
![Seahawks](https://a.espncdn.com/i/teamlogos/nfl/500/sea.png),Seahawks,https://a.espncdn.com/i/teamlogos/nfl/500/sea.png,NFC West,11.2034,0.7754,0.3517,0.1723,0.1933,0.1107,2e-4,0.0026,0.22460000000000002
![Ravens](https://a.espncdn.com/i/teamlogos/nfl/500/bal.png),Ravens,https://a.espncdn.com/i/teamlogos/nfl/500/bal.png,AFC North,10.4166,0.6923,0.4309,0.1105,0.0998,0.0482,1e-4,0.0161,0.3077
![Patriots](https://a.espncdn.com/i/teamlogos/nfl/500/ne.png),Patriots,https://a.espncdn.com/i/teamlogos/nfl/500/ne.png,AFC East,9.8438,0.6815,0.3532,0.0685,0.1033,0.0488,0.0012,0.0224,0.3185
![Broncos](https://a.espncdn.com/i/teamlogos/nfl/500/den.png),Broncos,https://a.espncdn.com/i/teamlogos/nfl/500/den.png,AFC West,9.7066,0.6218,0.2422,0.0648,0.0925,0.0483,7e-4,0.0241,0.3782
![Bears](https://a.espncdn.com/i/teamlogos/nfl/500/chi.png),Bears,https://a.espncdn.com/i/teamlogos/nfl/500/chi.png,NFC North,10.0971,0.6183,0.2253,0.0805,0.0842,0.0441,2e-4,0.017,0.38170000000000004
![Rams](https://a.espncdn.com/i/teamlogos/nfl/500/lar.png),Rams,https://a.espncdn.com/i/teamlogos/nfl/500/lar.png,NFC West,9.6246,0.5747,0.1232,0.0511,0.0914,0.0511,6e-4,0.0243,0.4253
![Giants](https://a.espncdn.com/i/teamlogos/nfl/500/nyg.png),Giants,https://a.espncdn.com/i/teamlogos/nfl/500/nyg.png,NFC East,9.1277,0.5049,0.4086,0.0328,0.0372,0.0163,0.0029,0.0525,0.4951
![Eagles](https://a.espncdn.com/i/teamlogos/nfl/500/phi.png),Eagles,https://a.espncdn.com/i/teamlogos/nfl/500/phi.png,NFC East,8.8777,0.479,0.3938,0.0208,0.0499,0.0258,0.0038,0.0654,0.521
![Bengals](https://a.espncdn.com/i/teamlogos/nfl/500/cin.png),Bengals,https://a.espncdn.com/i/teamlogos/nfl/500/cin.png,AFC North,9.1088,0.4709,0.2126,0.0288,0.0475,0.0214,0.0043,0.0557,0.5291
![Browns](https://a.espncdn.com/i/teamlogos/nfl/500/cle.png),Browns,https://a.espncdn.com/i/teamlogos/nfl/500/cle.png,AFC North,9.0957,0.4587,0.2133,0.0313,0.0255,0.0092,0.0025,0.0565,0.5413
![Lions](https://a.espncdn.com/i/teamlogos/nfl/500/det.png),Lions,https://a.espncdn.com/i/teamlogos/nfl/500/det.png,NFC North,9.1346,0.4566,0.1473,0.0351,0.0513,0.0247,0.0032,0.0533,0.5434
![Colts](https://a.espncdn.com/i/teamlogos/nfl/500/ind.png),Colts,https://a.espncdn.com/i/teamlogos/nfl/500/ind.png,AFC South,8.6735,0.4209,0.2134,0.0183,0.0371,0.0151,0.0054,0.0717,0.5791
![Falcons](https://a.espncdn.com/i/teamlogos/nfl/500/atl.png),Falcons,https://a.espncdn.com/i/teamlogos/nfl/500/atl.png,NFC South,8.0306,0.4048,0.3354,0.0178,0.0329,0.0143,0.005,0.1012,0.5952
![Raiders](https://a.espncdn.com/i/teamlogos/nfl/500/lv.png),Raiders,https://a.espncdn.com/i/teamlogos/nfl/500/lv.png,AFC West,8.4431,0.3699,0.106,0.0195,0.0254,0.0106,0.0031,0.0732,0.6301
![Panthers](https://a.espncdn.com/i/teamlogos/nfl/500-dark/car.png),Panthers,https://a.espncdn.com/i/teamlogos/nfl/500-dark/car.png,NFC South,7.725,0.3695,0.3162,0.0098,0.0222,0.0087,0.0073,0.1237,0.6305000000000001
![Steelers](https://a.espncdn.com/i/teamlogos/nfl/500/pit.png),Steelers,https://a.espncdn.com/i/teamlogos/nfl/500/pit.png,AFC North,8.3336,0.3606,0.1432,0.0171,0.0336,0.0132,0.0068,0.088,0.6394
![Packers](https://a.espncdn.com/i/teamlogos/nfl/500/gb.png),Packers,https://a.espncdn.com/i/teamlogos/nfl/500/gb.png,NFC North,8.0265,0.2763,0.0614,0.0101,0.022,0.0111,0.0073,0.1049,0.7237
![Buccaneers](https://a.espncdn.com/i/teamlogos/nfl/500/tb.png),Buccaneers,https://a.espncdn.com/i/teamlogos/nfl/500/tb.png,NFC South,6.9298,0.2596,0.2183,0.0018,0.0206,0.0087,0.0283,0.2391,0.7404
![Cowboys](https://a.espncdn.com/i/teamlogos/nfl/500/dal.png),Cowboys,https://a.espncdn.com/i/teamlogos/nfl/500/dal.png,NFC East,7.0156,0.1827,0.1217,0.003,0.0121,0.0065,0.0154,0.212,0.8173
![Texans](https://a.espncdn.com/i/teamlogos/nfl/500/hou.png),Texans,https://a.espncdn.com/i/teamlogos/nfl/500/hou.png,AFC South,6.8953,0.1748,0.0706,9e-4,0.0167,0.0079,0.0435,0.2566,0.8251999999999999
![Saints](https://a.espncdn.com/i/teamlogos/nfl/500/no.png),Saints,https://a.espncdn.com/i/teamlogos/nfl/500/no.png,NFC South,6.2785,0.1605,0.1301,0.0015,0.0082,0.0036,0.0518,0.3416,0.8395
![Commanders](https://a.espncdn.com/i/teamlogos/nfl/500/wsh.png),Commanders,https://a.espncdn.com/i/teamlogos/nfl/500/wsh.png,NFC East,6.38,0.1321,0.0759,0.0022,0.0085,0.0029,0.0416,0.2972,0.8679
![Jets](https://a.espncdn.com/i/teamlogos/nfl/500/nyj.png),Jets,https://a.espncdn.com/i/teamlogos/nfl/500/nyj.png,AFC East,5.454,0.0738,0.0225,0.0017,0.0033,8e-4,0.1046,0.497,0.9262
![Cardinals](https://a.espncdn.com/i/teamlogos/nfl/500/ari.png),Cardinals,https://a.espncdn.com/i/teamlogos/nfl/500/ari.png,NFC West,5.9678,0.0689,0.0045,9e-4,0.0046,0.002,0.0483,0.3397,0.9311
![Chargers](https://a.espncdn.com/i/teamlogos/nfl/500/lac.png),Chargers,https://a.espncdn.com/i/teamlogos/nfl/500/lac.png,AFC West,5.0498,0.0567,0.0141,7e-4,0.0065,0.0034,0.1198,0.5045,0.9433
![Dolphins](https://a.espncdn.com/i/teamlogos/nfl/500/mia.png),Dolphins,https://a.espncdn.com/i/teamlogos/nfl/500/mia.png,AFC East,4.4507,0.0342,0.0135,0,0.0023,0.001,0.1743,0.5987,0.9658
![Titans](https://a.espncdn.com/i/teamlogos/nfl/500/ten.png),Titans,https://a.espncdn.com/i/teamlogos/nfl/500/ten.png,AFC South,3.9933,0.0223,0.009,0,8e-4,3e-4,0.3176,0.7472,0.9777
